{
    "CON": 0.4416354642,
    "LAB": 0.3253478419,
    "LD": 0.1168061119,
    "REF": 0.0203583942,
    "GRN": 0.0273564234,
    "SNP": 0.0392589631,
    "PC": 0.0048431438,
    "DUP": 0.0077143967,
    "SF": 0.005746519,
    "SDLP": 0.0037520658,
    "UUP": 0.0029426684,
    "APNI": 0.0042380076,
    "sum": 1.0
}