{"CON":21.2,"GRN":5.6666666667,"LAB":39.5333333333,"LD":11.4,"PC":0.5333333333,"REF":16.0666666667,"SNP":2.9333333333}