{"CON":20.6,"GRN":6.1333333333,"LAB":41.2666666667,"LD":11.1333333333,"PC":0.6,"REF":15.3333333333,"SNP":2.8}