{
    "variance": {
        "0": 86.4904237947,
        "1": 11.4743087027,
        "2": 4.4331461791
    }
}