{"variance":{"0":88.7525245116,"1":14.7406341534,"2":4.3853677346}}