,CON,GRN,LAB,LD,PC,REF,SNP
0,0.8110366954442217,-0.030267449790121415,-0.4873328698370653,-0.07606919666966253,0.0060670593576335405,-0.30790402018751506,0.056407593138146125
1,0.13283632145934174,-0.21052723800168005,0.6830159883389381,-0.08523885802295722,-0.012740242717704459,-0.6785515071527484,0.060513047131075
2,-0.3322786692861897,0.30369249338998006,-0.31489778891694553,0.6260764016634853,0.015856147048759556,-0.5496196752907044,0.062420127726593735
